<prezi xsi:schemaLocation="http://prezi.com/schema/prezi/2 http://prezi.com/schema/prezi/2" xmlns:xsi="http://www.w3.org/2001/XMLSchema-instance" version="2" xmlns="http://prezi.com/schema/prezi/2"><xFields><xField name="preziType"><xEnum type="PreziType" value="converted-from-core"/></xField></xFields><documentStyle><documentStyle><fontClasses><array><fontClass><fontFamily><string value="Arimo"/></fontFamily><name><string value="body"/></name></fontClass><fontClass><fontFamily><string value="Comfortaa"/></fontFamily><name><string value="custom-comfortaa"/></name></fontClass><fontClass><fontFamily><string value="Arimo"/></fontFamily><fontWeight><fontWeight value="bold"/></fontWeight><name><string value="head"/></name></fontClass><fontClass><fontFamily><string value="Arimo"/></fontFamily><fontStyle><fontStyle value="italic"/></fontStyle><fontWeight><fontWeight value="bold"/></fontWeight><name><string value="strong"/></name></fontClass></array></fontClasses><fontFamilies><array><fontFamily><fontFaces><array><fontFace><fontSrc><string value="Arimo-Regular.keg"/></fontSrc></fontFace><fontFace><fontSrc><string value="Arimo-Bold.keg"/></fontSrc><fontWeight><fontWeight value="bold"/></fontWeight></fontFace><fontFace><fontSrc><string value="Arimo-BoldItalic.keg"/></fontSrc><fontStyle><fontStyle value="italic"/></fontStyle><fontWeight><fontWeight value="bold"/></fontWeight></fontFace><fontFace><fontSrc><string value="Arimo-Italic.keg"/></fontSrc><fontStyle><fontStyle value="italic"/></fontStyle></fontFace></array></fontFaces><name><string value="Arimo"/></name></fontFamily><fontFamily><fontFaces><array><fontFace><fontSrc><string value="Comfortaa-Regular.keg"/></fontSrc></fontFace><fontFace><fontSrc><string value="Comfortaa-Bold.keg"/></fontSrc><fontWeight><fontWeight value="bold"/></fontWeight></fontFace></array></fontFaces><name><string value="Comfortaa"/></name></fontFamily></array></fontFamilies><styleDeclarations><array><styleDeclaration><styleBlock><styleBlock><gradEndAlpha><double value="0.7"/></gradEndAlpha><gradStartAlpha><double value="0.5"/></gradStartAlpha></styleBlock></styleBlock><styleSelector><simpleSelector value="zCircle"/></styleSelector></styleDeclaration><styleDeclaration><styleBlock><styleBlock><color><color value="#C7C7C4"/></color><fillType><fillType value="linear"/></fillType><gradEndColor><color value="#C7C7C4"/></gradEndColor><gradStartColor><color value="#C7C7C4"/></gradStartColor></styleBlock></styleBlock><styleSelector><simpleSelector value="*.line1"/></styleSelector></styleDeclaration><styleDeclaration><styleBlock><styleBlock><color><color value="#555555"/></color><fillType><fillType value="linear"/></fillType><gradEndColor><color value="#555555"/></gradEndColor><gradStartColor><color value="#888888"/></gradStartColor></styleBlock></styleBlock><styleSelector><simpleSelector value="*.line2"/></styleSelector></styleDeclaration><styleDeclaration><styleBlock><styleBlock><color><color value="#5374EC"/></color><fillType><fillType value="linear"/></fillType><gradEndColor><color value="#5374EC"/></gradEndColor><gradStartColor><color value="#5374EC"/></gradStartColor></styleBlock></styleBlock><styleSelector><simpleSelector value="*.line3"/></styleSelector></styleDeclaration><styleDeclaration><styleBlock><styleBlock><color><color value="#66E186"/></color><fillType><fillType value="linear"/></fillType><gradEndColor><color value="#66E186"/></gradEndColor><gradStartColor><color value="#66E186"/></gradStartColor></styleBlock></styleBlock><styleSelector><simpleSelector value="*.line4"/></styleSelector></styleDeclaration><styleDeclaration><styleBlock><styleBlock><color><color value="#FA5151"/></color><fillType><fillType value="linear"/></fillType><gradEndColor><color value="#FA5151"/></gradEndColor><gradStartColor><color value="#FA5151"/></gradStartColor></styleBlock></styleBlock><styleSelector><simpleSelector value="*.line5"/></styleSelector></styleDeclaration><styleDeclaration><styleBlock><styleBlock><color><color value="#FFFFFF"/></color><fillType><fillType value="linear"/></fillType><gradEndColor><color value="#C7C7C4"/></gradEndColor><gradStartColor><color value="#C7C7C4"/></gradStartColor></styleBlock></styleBlock><styleSelector><simpleSelector value="*.poly1"/></styleSelector></styleDeclaration><styleDeclaration><styleBlock><styleBlock><color><color value="#FFFFFF"/></color><fillType><fillType value="linear"/></fillType><gradEndColor><color value="#000000"/></gradEndColor><gradStartColor><color value="#333333"/></gradStartColor></styleBlock></styleBlock><styleSelector><simpleSelector value="*.poly2"/></styleSelector></styleDeclaration><styleDeclaration><styleBlock><styleBlock><color><color value="#FFFFFF"/></color><fillType><fillType value="linear"/></fillType><gradEndColor><color value="#5374EC"/></gradEndColor><gradStartColor><color value="#5374EC"/></gradStartColor></styleBlock></styleBlock><styleSelector><simpleSelector value="*.poly3"/></styleSelector></styleDeclaration><styleDeclaration><styleBlock><styleBlock><color><color value="#FFFFFF"/></color><fillType><fillType value="linear"/></fillType><gradEndColor><color value="#66E186"/></gradEndColor><gradStartColor><color value="#66E186"/></gradStartColor></styleBlock></styleBlock><styleSelector><simpleSelector value="*.poly4"/></styleSelector></styleDeclaration><styleDeclaration><styleBlock><styleBlock><color><color value="#FFFFFF"/></color><fillType><fillType value="linear"/></fillType><gradEndColor><color value="#FA5151"/></gradEndColor><gradStartColor><color value="#FA5151"/></gradStartColor></styleBlock></styleBlock><styleSelector><simpleSelector value="*.poly5"/></styleSelector></styleDeclaration><styleDeclaration><styleBlock><styleBlock><fillType><fillType value="linear"/></fillType><gradEndColor><color value="#FFFFFF"/></gradEndColor><gradStartColor><color value="#FFFFFF"/></gradStartColor></styleBlock></styleBlock><styleSelector><simpleSelector value="background"/></styleSelector></styleDeclaration><styleDeclaration><styleBlock><styleBlock><borderAlpha><double value="0"/></borderAlpha><borderThickness><double value="0"/></borderThickness><fillType><fillType value="linear"/></fillType><gradEndAlpha><double value="1"/></gradEndAlpha><gradEndColor><color value="#FFFFFF"/></gradEndColor><gradStartAlpha><double value="1"/></gradStartAlpha><gradStartColor><color value="#FFFFFF"/></gradStartColor><thickness><double value="10"/></thickness></styleBlock></styleBlock><styleSelector><simpleSelector value="zArrow"/></styleSelector></styleDeclaration><styleDeclaration><styleBlock><styleBlock><borderAlpha><double value="0"/></borderAlpha><gradEndAlpha><double value="1"/></gradEndAlpha><gradStartAlpha><double value="1"/></gradStartAlpha><radius><double value="0"/></radius><thickness><double value="100"/></thickness></styleBlock></styleBlock><styleSelector><simpleSelector value="zCircle"/></styleSelector></styleDeclaration><styleDeclaration><styleBlock><styleBlock><color><color value="#FFFFFF"/></color></styleBlock></styleBlock><styleSelector><simpleSelector value="zPencil"/></styleSelector></styleDeclaration><styleDeclaration><styleBlock><styleBlock><borderAlpha><double value="0"/></borderAlpha><borderColor><color value="#318BFF"/></borderColor><borderThickness><double value="0"/></borderThickness><fillType><fillType value="linear"/></fillType><gradEndAlpha><double value="1"/></gradEndAlpha><gradEndColor><color value="#318BFF"/></gradEndColor><gradStartAlpha><double value="1"/></gradStartAlpha><gradStartColor><color value="#318BFF"/></gradStartColor><padding><double value="1.03"/></padding><thickness><double value="3"/></thickness></styleBlock></styleBlock><styleSelector><simpleSelector value="zBracketFrame"/></styleSelector></styleDeclaration><styleDeclaration><styleBlock><styleBlock><borderAlpha><double value="0"/></borderAlpha><borderColor><color value="#333333"/></borderColor><borderThickness><double value="3"/></borderThickness><fillType><fillType value="linear"/></fillType><gradEndAlpha><double value="1"/></gradEndAlpha><gradEndColor><color value="#318BFF"/></gradEndColor><gradStartAlpha><double value="1"/></gradStartAlpha><gradStartColor><color value="#318BFF"/></gradStartColor><padding><double value="1.03"/></padding><thickness><double value="3"/></thickness></styleBlock></styleBlock><styleSelector><simpleSelector value="zCircleFrame"/></styleSelector></styleDeclaration><styleDeclaration><styleBlock><styleBlock><borderAlpha><double value="1"/></borderAlpha><borderColor><color value="#318BFF"/></borderColor><borderThickness><double value="10"/></borderThickness><fillType><fillType value="linear"/></fillType><gradEndAlpha><double value="0.2"/></gradEndAlpha><gradEndColor><color value="#318BFF"/></gradEndColor><gradStartAlpha><double value="0"/></gradStartAlpha><gradStartColor><color value="#318BFF"/></gradStartColor><padding><double value="1.03"/></padding><radius><double value="1"/></radius><thickness><double value="3"/></thickness></styleBlock></styleBlock><styleSelector><simpleSelector value="zRectangleFrame"/></styleSelector></styleDeclaration><styleDeclaration><styleBlock><styleBlock><padding><double value="1.2"/></padding></styleBlock></styleBlock><styleSelector><simpleSelector value="zText"/></styleSelector></styleDeclaration><styleDeclaration><styleBlock><styleBlock><color><color value="#333333"/></color><fontClass><string value="body"/></fontClass></styleBlock></styleBlock><styleSelector><simpleSelector value="zText.body"/></styleSelector></styleDeclaration><styleDeclaration><styleBlock><styleBlock><backgroundAlpha><double value="0.9"/></backgroundAlpha><backgroundColor><color value="#E4E4DD"/></backgroundColor><backgroundPadding><double value="6"/></backgroundPadding></styleBlock></styleBlock><styleSelector><simpleSelector value="zText.body-background"/></styleSelector></styleDeclaration><styleDeclaration><styleBlock><styleBlock><color><color value="#333333"/></color><fontClass><string value="head"/></fontClass></styleBlock></styleBlock><styleSelector><simpleSelector value="zText.title"/></styleSelector></styleDeclaration><styleDeclaration><styleBlock><styleBlock><backgroundAlpha><double value="0.9"/></backgroundAlpha><backgroundColor><color value="#F6F1A6"/></backgroundColor><backgroundPadding><double value="6"/></backgroundPadding></styleBlock></styleBlock><styleSelector><simpleSelector value="zText.title-background"/></styleSelector></styleDeclaration><styleDeclaration><styleBlock><styleBlock><color><color value="#333333"/></color><fontClass><string value="strong"/></fontClass></styleBlock></styleBlock><styleSelector><simpleSelector value="zText.subtitle"/></styleSelector></styleDeclaration><styleDeclaration><styleBlock><styleBlock><backgroundAlpha><double value="0.9"/></backgroundAlpha><backgroundColor><color value="#D3E2EE"/></backgroundColor><backgroundPadding><double value="6"/></backgroundPadding></styleBlock></styleBlock><styleSelector><simpleSelector value="zText.subtitle-background"/></styleSelector></styleDeclaration><styleDeclaration><styleBlock><styleBlock><color><color value="#FFFFFF"/></color></styleBlock></styleBlock><styleSelector><simpleSelector value="zLine"/></styleSelector></styleDeclaration><styleDeclaration><styleBlock><styleBlock><alpha><double value="0.65"/></alpha><color><color value="#F0EA82"/></color></styleBlock></styleBlock><styleSelector><simpleSelector value="zMarker"/></styleSelector></styleDeclaration><styleDeclaration><styleBlock><styleBlock><borderAlpha><double value="0"/></borderAlpha><gradEndAlpha><double value="1"/></gradEndAlpha><gradStartAlpha><double value="1"/></gradStartAlpha><radius><double value="0"/></radius><thickness><double value="100"/></thickness></styleBlock></styleBlock><styleSelector><simpleSelector value="zTriangle"/></styleSelector></styleDeclaration><styleDeclaration><styleBlock><styleBlock><borderAlpha><double value="0"/></borderAlpha><gradEndAlpha><double value="1"/></gradEndAlpha><gradStartAlpha><double value="1"/></gradStartAlpha><radius><double value="0"/></radius><thickness><double value="100"/></thickness></styleBlock></styleBlock><styleSelector><simpleSelector value="zSquare"/></styleSelector></styleDeclaration><styleDeclaration><styleBlock><styleBlock><borderColor><color value="#FFFFFF"/></borderColor><color><color value="#FFFFFF"/></color><fillType><fillType value="linear"/></fillType><gradEndAlpha><double value="1"/></gradEndAlpha><gradEndColor><color value="#FFFFFF"/></gradEndColor><gradStartAlpha><double value="1"/></gradStartAlpha><gradStartColor><color value="#FFFFFF"/></gradStartColor></styleBlock></styleBlock><styleSelector><simpleSelector value="#0"/></styleSelector></styleDeclaration><styleDeclaration><styleBlock><styleBlock><borderColor><color value="#FFFFFF"/></borderColor><color><color value="#FFFFFF"/></color><fillType><fillType value="linear"/></fillType><gradEndAlpha><double value="1"/></gradEndAlpha><gradEndColor><color value="#FFFFFF"/></gradEndColor><gradStartAlpha><double value="1"/></gradStartAlpha><gradStartColor><color value="#FFFFFF"/></gradStartColor></styleBlock></styleBlock><styleSelector><simpleSelector value="#21"/></styleSelector></styleDeclaration><styleDeclaration><styleBlock><styleBlock><fontClass><string value="custom-comfortaa"/></fontClass></styleBlock></styleBlock><styleSelector><simpleSelector value="#22"/></styleSelector></styleDeclaration><styleDeclaration><styleBlock><styleBlock><borderColor><color value="#FFFFFF"/></borderColor><color><color value="#FFFFFF"/></color><fillType><fillType value="linear"/></fillType><gradEndAlpha><double value="1"/></gradEndAlpha><gradEndColor><color value="#FFFFFF"/></gradEndColor><gradStartAlpha><double value="1"/></gradStartAlpha><gradStartColor><color value="#FFFFFF"/></gradStartColor></styleBlock></styleBlock><styleSelector><simpleSelector value="#25"/></styleSelector></styleDeclaration><styleDeclaration><styleBlock><styleBlock><borderColor><color value="#FFFFFF"/></borderColor><color><color value="#FFFFFF"/></color><fillType><fillType value="linear"/></fillType><gradEndAlpha><double value="1"/></gradEndAlpha><gradEndColor><color value="#FFFFFF"/></gradEndColor><gradStartAlpha><double value="1"/></gradStartAlpha><gradStartColor><color value="#FFFFFF"/></gradStartColor></styleBlock></styleBlock><styleSelector><simpleSelector value="#26"/></styleSelector></styleDeclaration><styleDeclaration><styleBlock><styleBlock><borderColor><color value="#FFFFFF"/></borderColor><color><color value="#FFFFFF"/></color><fillType><fillType value="linear"/></fillType><gradEndAlpha><double value="1"/></gradEndAlpha><gradEndColor><color value="#FFFFFF"/></gradEndColor><gradStartAlpha><double value="1"/></gradStartAlpha><gradStartColor><color value="#FFFFFF"/></gradStartColor></styleBlock></styleBlock><styleSelector><simpleSelector value="#27"/></styleSelector></styleDeclaration><styleDeclaration><styleBlock><styleBlock><borderColor><color value="#FFFFFF"/></borderColor><color><color value="#FFFFFF"/></color><fillType><fillType value="linear"/></fillType><gradEndAlpha><double value="1"/></gradEndAlpha><gradEndColor><color value="#FFFFFF"/></gradEndColor><gradStartAlpha><double value="1"/></gradStartAlpha><gradStartColor><color value="#FFFFFF"/></gradStartColor></styleBlock></styleBlock><styleSelector><simpleSelector value="#28"/></styleSelector></styleDeclaration><styleDeclaration><styleBlock><styleBlock><fontClass><string value="custom-comfortaa"/></fontClass></styleBlock></styleBlock><styleSelector><simpleSelector value="#3"/></styleSelector></styleDeclaration><styleDeclaration><styleBlock><styleBlock><fontClass><string value="custom-comfortaa"/></fontClass></styleBlock></styleBlock><styleSelector><simpleSelector value="#37"/></styleSelector></styleDeclaration><styleDeclaration><styleBlock><styleBlock><fontClass><string value="custom-comfortaa"/></fontClass></styleBlock></styleBlock><styleSelector><simpleSelector value="#38"/></styleSelector></styleDeclaration><styleDeclaration><styleBlock><styleBlock><fontClass><string value="custom-comfortaa"/></fontClass></styleBlock></styleBlock><styleSelector><simpleSelector value="#39"/></styleSelector></styleDeclaration></array></styleDeclarations></documentStyle></documentStyle><path><array><flyToObject><target><ref value="0"/></target></flyToObject><flyToObject><target><ref value="21"/></target></flyToObject><flyToObject><target><ref value="26"/></target></flyToObject><flyToObject><target><ref value="25"/></target></flyToObject><flyToObject><target><ref value="27"/></target></flyToObject><flyToObject><target><ref value="28"/></target></flyToObject></array></path><zObjects><array><zBracketFrame><height><double value="600"/></height><id><string value="0"/></id><localToWorld><transform2D x="-74925.05276839346" y="-107.64999999999782" scale="102.48626441208498" rotation="0"/></localToWorld><styleClasses><array><token value="bracket"/></array></styleClasses><width><double value="800"/></width></zBracketFrame><zImage><assetSourceFilename><string value="jamielannister.jpg"/></assetSourceFilename><height><double value="509"/></height><id><string value="2"/></id><localToWorld><transform2D x="-60839.413062039326" y="-927.3789931070401" scale="101.89695000727562" rotation="0"/></localToWorld><onlineAssetId><string value="4683867611"/></onlineAssetId><onlineAssetUrl><string value="http://0103.static.prezi.com.s3.amazonaws.com/media/e/d/f/3a706a6b34a6b18cd4af84f44d2615383898a.jpg"/></onlineAssetUrl><width><double value="349"/></width></zImage><zText><id><string value="3"/></id><localToWorld><transform2D x="-97849.4774219871" y="-18702.167420461326" scale="226.9097243593247" rotation="0"/></localToWorld><styleClasses><array><token value="title"/></array></styleClasses><text><text><width>-115.48828125</width><p><span color="3355443"><![CDATA[Project JL]]></span></p></text></text></zText><zRectangleFrame><height><double value="600"/></height><id><string value="21"/></id><localToWorld><transform2D x="40837.2" y="-51.85" scale="95.75707666863241" rotation="0"/></localToWorld><styleClasses><array><token value="roundrect"/></array></styleClasses><width><double value="800"/></width></zRectangleFrame><zImage><assetSourceFilename><string value="transparent.png"/></assetSourceFilename><height><double value="1192"/></height><id><string value="23"/></id><localToWorld><transform2D x="40946.85" y="-54.00000000000182" scale="41.47822326948437" rotation="0"/></localToWorld><onlineAssetId><string value="4683883608"/></onlineAssetId><onlineAssetUrl><string value="http://0103.static.prezi.com.s3.amazonaws.com/media/e/d/6/8b8b9d29d3f30416b1b4eb1165f6057684dba.png"/></onlineAssetUrl><width><double value="1800"/></width></zImage><zText><id><string value="22"/></id><localToWorld><transform2D x="20436.24999999999" y="-18646.65" scale="226.90972435932474" rotation="0"/></localToWorld><styleClasses><array><token value="title"/></array></styleClasses><text><text><width>-115.48828125</width><p><span><![CDATA[Project JL]]></span></p></text></text></zText><zRectangleFrame><height><double value="735.5477082087473"/></height><id><string value="25"/></id><localToWorld><transform2D x="53205.65" y="-15446" scale="5.358504631867736" rotation="0"/></localToWorld><styleClasses><array><token value="roundrect"/></array></styleClasses><width><double value="1152.0840099186948"/></width></zRectangleFrame><zRectangleFrame><height><double value="600"/></height><id><string value="26"/></id><localToWorld><transform2D x="47306.15" y="-9039.2" scale="6.657982375460742" rotation="0"/></localToWorld><styleClasses><array><token value="roundrect"/></array></styleClasses><width><double value="800"/></width></zRectangleFrame><zRectangleFrame><height><double value="600"/></height><id><string value="27"/></id><localToWorld><transform2D x="58976.25" y="-12451.05" scale="5.198579120016574" rotation="0"/></localToWorld><styleClasses><array><token value="roundrect"/></array></styleClasses><width><double value="800"/></width></zRectangleFrame><zRectangleFrame><height><double value="933.8714199603933"/></height><id><string value="28"/></id><localToWorld><transform2D x="65048.4" y="-6508.75" scale="2.8969626240079585" rotation="0"/></localToWorld><styleClasses><array><token value="roundrect"/></array></styleClasses><width><double value="1425.6308462049828"/></width></zRectangleFrame><zImage><assetSourceFilename><string value="consumer-myo.png"/></assetSourceFilename><height><double value="546"/></height><id><string value="29"/></id><localToWorld><transform2D x="51309.570413741436" y="-16401.17764028896" scale="3.20356054746807" rotation="0"/></localToWorld><onlineAssetId><string value="4683885731"/></onlineAssetId><onlineAssetUrl><string value="http://0103.static.prezi.com.s3.amazonaws.com/media/a/d/a/4e93e0bd4e2ee5e694ebba29bf8a7d918d5ea.png"/></onlineAssetUrl><width><double value="537"/></width></zImage><zImage><assetSourceFilename><string value="Kinect-640x353.png"/></assetSourceFilename><height><double value="353"/></height><id><string value="30"/></id><localToWorld><transform2D x="54464.10349661854" y="-16074.964458844628" scale="5.391786157594744" rotation="0"/></localToWorld><onlineAssetId><string value="4683885895"/></onlineAssetId><onlineAssetUrl><string value="http://0103.static.prezi.com.s3.amazonaws.com/media/4/f/0/054b7fb44395110cadf3e26f3cb57101cf0c4.png"/></onlineAssetUrl><width><double value="640"/></width></zImage><zImage><assetSourceFilename><string value="VR_Web_Product_HMD.png"/></assetSourceFilename><height><double value="900"/></height><id><string value="31"/></id><localToWorld><transform2D x="52618.130933647044" y="-14595.045688735228" scale="2.215450864247296" rotation="0"/></localToWorld><onlineAssetId><string value="4683886054"/></onlineAssetId><onlineAssetUrl><string value="http://0103.static.prezi.com.s3.amazonaws.com/media/4/6/9/6657f134f9cc60b15f42facc5a5b9a7946746.png"/></onlineAssetUrl><width><double value="1500"/></width></zImage><zImage><assetSourceFilename><string value="unicorn11.png"/></assetSourceFilename><height><double value="1414"/></height><id><string value="32"/></id><localToWorld><transform2D x="56035.19038117665" y="-13701.467303816062" scale="0.18220939699677055" rotation="0"/></localToWorld><onlineAssetId><string value="4683886225"/></onlineAssetId><onlineAssetUrl><string value="http://0103.static.prezi.com.s3.amazonaws.com/media/9/b/7/ba7d56c228da96e4c84d7240eadf4f28eb476.png"/></onlineAssetUrl><width><double value="1500"/></width></zImage><zImage><assetSourceFilename><string value="golden-hand_612x380_1.png"/></assetSourceFilename><height><double value="380"/></height><id><string value="33"/></id><localToWorld><transform2D x="46520.800692144505" y="-9485.455778861693" scale="5.113833168775142" rotation="0"/></localToWorld><onlineAssetId><string value="4683887388"/></onlineAssetId><onlineAssetUrl><string value="http://0103.static.prezi.com.s3.amazonaws.com/media/d/7/e/960dd7870e3335a2640841c5d9b219edff46d.png"/></onlineAssetUrl><width><double value="612"/></width></zImage><zImage><assetSourceFilename><string value="arm.png"/></assetSourceFilename><height><double value="707"/></height><id><string value="34"/></id><localToWorld><transform2D x="48158.01380777343" y="-8492.520368320935" scale="3.4125321488578053" rotation="0"/></localToWorld><onlineAssetId><string value="4683887758"/></onlineAssetId><onlineAssetUrl><string value="http://0103.static.prezi.com.s3.amazonaws.com/media/6/6/2/0cb8a39632ad54d808b55925a8bf252e02e75.png"/></onlineAssetUrl><width><double value="707"/></width></zImage><zVideo><id><string value="35"/></id><localToWorld><transform2D x="59141.21512902413" y="-12445.297074837865" scale="8.711877282361147" rotation="0"/></localToWorld><onlineAssetId><string value="4683888211"/></onlineAssetId><onlineAssetUrl><string value="http://0103.static.prezi.com.s3.amazonaws.com/converted/f/b/8/3dc476ea3811c9be0ecf500b3d7505e71020a.mp4"/></onlineAssetUrl><videoType><string value="video"/></videoType></zVideo><zVideo><id><string value="36"/></id><localToWorld><transform2D x="65198.06942106276" y="-6540.40669769241" scale="8.549672158919126" rotation="0"/></localToWorld><onlineAssetId><string value="4683888980"/></onlineAssetId><onlineAssetUrl><string value="http://0103.static.prezi.com.s3.amazonaws.com/converted/e/7/5/611fa78f2dca49454b5619e01ff3b807cc18a.mp4"/></onlineAssetUrl><videoType><string value="video"/></videoType></zVideo><zText><id><string value="37"/></id><localToWorld><transform2D x="51309.20690451317" y="-15457.14417448671" scale="10.471495865877541" rotation="0"/></localToWorld><styleClasses><array><token value="title"/></array></styleClasses><text><text><width>-175.546875</width><p><span><![CDATA[Myo Wristband]]></span></p></text></text></zText><zText><id><string value="38"/></id><localToWorld><transform2D x="54315.13741487588" y="-16987.51802547919" scale="10.471495865877541" rotation="0"/></localToWorld><styleClasses><array><token value="title"/></array></styleClasses><text><text><width>-105</width><p><span><![CDATA[Kinect v2]]></span></p></text></text></zText><zText><id><string value="39"/></id><localToWorld><transform2D x="54578.681605367485" y="-14976.51227287573" scale="10.471495865877541" rotation="0"/></localToWorld><styleClasses><array><token value="title"/></array></styleClasses><text><text><width>-104.1796875</width><p><span><![CDATA[HTC Vive]]></span></p></text></text></zText></array></zObjects></prezi>